ImageId,ClassId
00000000-100.png,1
00000000-101.png,1
00000000-102.png,1
00000000-103.png,1
00000000-104.png,1
00000000-106.png,1
00000000-107.png,1
00000000-109.png,1
00000000-110.png,1
00000000-111.png,1
00000000-112.png,1
00000000-113.png,1
00000000-115.png,1
00000000-116.png,1
00000000-117.png,1
00000000-118.png,1
00000000-119.png,1
00000000-120.png,1
00000000-121.png,1
00000000-122.png,1
00000000-123.png,1
00000000-124.png,1
00000000-125.png,1
00000000-126.png,1
00000000-127.png,1
00000000-128.png,1
00000000-129.png,1
00000000-130.png,1
00000000-131.png,1
00000000-132.png,1
00000000-133.png,1
00000000-134.png,1
00000000-135.png,1
00000000-136.png,1
00000000-137.png,1
00000000-138.png,1
00000000-139.png,1
00000000-140.png,1
00000000-141.png,1
00000000-142.png,1
00000000-143.png,1
00000000-144.png,1
00000000-145.png,1
00000000-146.png,1
00000000-147.png,1
00000000-148.png,1
00000000-151.png,1
00000000-152.png,1
00000000-153.png,1
00000000-154.png,1
00000000-156.png,1
00000000-157.png,1
00000000-158.png,1
00000000-159.png,1
00000000-160.png,1
00000000-161.png,1
00000000-162.png,1
00000000-164.png,1
00000000-165.png,1
00000000-166.png,1
00000000-167.png,1
00000000-170.png,1
00000000-171.png,1
00000000-172.png,1
00000000-173.png,1
00000000-174.png,1
00000000-205.png,1
00000000-206.png,1
00000000-209.png,1
00000000-210.png,1
00000000-212.png,1
00000000-213.png,1
00000000-214.png,1
00000000-215.png,1
00000000-216.png,1
00000000-217.png,1
00000000-218.png,1
00000000-219.png,1
00000000-220.png,1
00000000-50.png,1
00000000-51.png,1
00000000-52.png,1
00000000-53.png,1
00000000-54.png,1
00000000-55.png,1
00000000-56.png,1
00000000-57.png,1
00000000-58.png,1
00000000-59.png,1
00000000-60.png,1
00000000-62.png,1
00000000-63.png,1
00000000-64.png,1
00000000-65.png,1
00000000-66.png,1
00000000-68.png,1
00000000-69.png,1
00000000-70.png,1
00000000-73.png,1
00000000-74.png,1
00000000-75.png,1
00000000-76.png,1
00000000-77.png,1
00000000-78.png,1
00000000-79.png,1
00000000-81.png,1
00000000-82.png,1
00000000-83.png,1
00000000-84.png,1
00000000-85.png,1
00000000-87.png,1
00000000-88.png,1
00000000-91.png,1
00000000-92.png,1
00000000-93.png,1
00000000-94.png,1
00000000-95.png,1
00000000-96.png,1
00000000-97.png,1
00000000-99.png,1
0046570012-41.png,1
0046570012-42.png,1
0046570012-43.png,1
0046570012-44.png,1
0046570012-45.png,1
0046570012-47.png,1
0046570012-48.png,1
4036359-105.png,1
4036359-118.png,1
4036359-133.png,1
4036359-141.png,1
4036359-149.png,1
4036359-154.png,1
4036359-159.png,1
4036359-59.png,1
4036359-67.png,1
4093838-109.png,1
4093838-115.png,1
4093838-129.png,1
4093838-138.png,1
4093838-159.png,1
4093838-166.png,1
4093838-181.png,1
4093838-43.png,1
4093838-52.png,1
4093838-61.png,1
4093838-84.png,1
4093838-90.png,1
4093838-99.png,1
4094415-22.png,1
4094415-29.png,1
4094415-33.png,1
4094415-43.png,1
4094415-5.png,1
4094415-50.png,1
4094415-66.png,1
4094415-69.png,1
4094513-102.png,1
4094513-131.png,1
4094513-141.png,1
4094513-146.png,1
4094513-175.png,1
4094513-187.png,1
4094513-191.png,1
4094513-57.png,1
4094513-87.png,1
4094513-88.png,1
4094513-91.png,1
4094513-96.png,1
4094543-106.png,1
4094543-115.png,1
4094543-132.png,1
4094543-137.png,1
4094543-142.png,1
4094543-154.png,1
4094543-158.png,1
4094543-56.png,1
4094543-77.png,1
4094543-82.png,1
4094543-91.png,1
4094870-112.png,1
4094870-125.png,1
4094870-131.png,1
4094870-46.png,1
4094870-50.png,1
4094870-57.png,1
4094870-68.png,1
4094870-75.png,1
4094870-84.png,1
4094879-14.png,1
4094879-22.png,1
4094879-33.png,1
4094879-42.png,1
4094879-44.png,1
4094879-51.png,1
4094879-62.png,1
4094879-71.png,1
4095170-22.png,1
4095170-27.png,1
4095170-35.png,1
4095170-43.png,1
4095170-45.png,1
4095170-47.png,1
4095170-73.png,1
4095170-78.png,1
4095170-82.png,1
4095193-106.png,1
4095193-136.png,1
4095193-141.png,1
4095193-150.png,1
4095193-158.png,1
4095193-171.png,1
4095193-183.png,1
4095193-189.png,1
4095193-201.png,1
4095193-66.png,1
4095193-74.png,1
4095193-88.png,1
4095207-105.png,1
4095207-110.png,1
4095207-39.png,1
4095207-44.png,1
4095207-80.png,1
4095207-84.png,1
4095207-97.png,1
4095208-109.png,1
4095208-126.png,1
4095208-136.png,1
4095208-141.png,1
4095208-41.png,1
4095208-62.png,1
4095208-72.png,1
4095208-75.png,1
4095208-95.png,1
4095347-100.png,1
4095347-118.png,1
4095347-141.png,1
4095347-54.png,1
4095347-63.png,1
4095347-71.png,1
4095347-90.png,1
4095347-93.png,1
4095351-104.png,1
4095351-110.png,1
4095351-123.png,1
4095351-128.png,1
4095351-28.png,1
4095351-47.png,1
4095351-60.png,1
4095351-65.png,1
4095351-77.png,1
4095351-88.png,1
4095351-96.png,1
4095446-104.png,1
4095446-125.png,1
4095446-128.png,1
4095446-138.png,1
4095446-144.png,1
4095446-155.png,1
4095446-183.png,1
4095446-41.png,1
4095446-70.png,1
4095446-84.png,1
4095446-85.png,1
4095479-100.png,1
4095479-104.png,1
4095479-119.png,1
4095479-127.png,1
4095479-135.png,1
4095479-161.png,1
4095479-168.png,1
4095479-51.png,1
4095479-56.png,1
4095479-74.png,1
4095479-78.png,1
4095493-104.png,1
4095493-51.png,1
4095493-67.png,1
4095493-70.png,1
4095493-76.png,1
4095506-104.png,1
4095506-117.png,1
4095506-133.png,1
4095506-38.png,1
4095506-45.png,1
4095506-72.png,1
4095506-78.png,1
4095506-89.png,1
4095506-94.png,1
4095515-10.png,1
4095515-15.png,1
4095515-24.png,1
4095515-41.png,1
4095515-5.png,1
4095515-59.png,1
4095551-106.png,1
4095551-116.png,1
4095551-125.png,1
4095551-42.png,1
4095551-46.png,1
4095551-52.png,1
4095551-60.png,1
4095551-78.png,1
4095551-87.png,1
4095551-95.png,1
4095654-114.png,1
4095654-136.png,1
4095654-150.png,1
4095654-158.png,1
4095654-46.png,1
4095654-50.png,1
4095654-54.png,1
4095654-61.png,1
4095654-66.png,1
4095654-73.png,1
4095654-82.png,1
4095654-93.png,1
4095672-14.png,1
4095672-24.png,1
4095672-30.png,1
4095686-14.png,1
4095686-15.png,1
4095689-105.png,1
4095689-111.png,1
4095689-136.png,1
4095689-147.png,1
4095689-155.png,1
4095689-176.png,1
4095689-183.png,1
4095689-56.png,1
4095689-84.png,1
4095689-92.png,1
4095689-98.png,1
4095689-99.png,1
4095716-10.png,1
4095716-16.png,1
4095716-21.png,1
4095716-25.png,1
4095716-30.png,1
4095716-34.png,1
4095716-42.png,1
4095716-51.png,1
4095727-14.png,1
4095727-25.png,1
4095727-27.png,1
4095727-4.png,1
4095727-52.png,1
4095727-9.png,1
4095820-127.png,1
4095820-129.png,1
4095820-135.png,1
4095820-159.png,1
4095820-177.png,1
4095820-185.png,1
4095820-186.png,1
4095820-201.png,1
4095820-213.png,1
4095820-217.png,1
4095820-78.png,1
4095820-80.png,1
4095820-89.png,1
4095821-25.png,1
4095821-39.png,1
4095821-46.png,1
4095821-51.png,1
4095821-67.png,1
4095821-74.png,1
4095821-80.png,1
4095860-14.png,1
4095860-15.png,1
4095860-16.png,1
4095860-17.png,1
4095860-18.png,1
4095860-19.png,1
4095860-23.png,1
4095860-24.png,1
4095860-25.png,1
4095860-26.png,1
4095860-27.png,1
4095860-28.png,1
4095860-30.png,1
4095860-32.png,1
4095860-33.png,1
4095860-34.png,1
4095860-38.png,1
4095860-39.png,1
4095860-40.png,1
4095860-41.png,1
4095860-42.png,1
4095860-43.png,1
4095860-44.png,1
4095860-45.png,1
4095860-46.png,1
4095860-47.png,1
4095860-48.png,1
4095860-49.png,1
4095860-50.png,1
4095860-51.png,1
4095860-53.png,1
4095860-57.png,1
4095861-34.png,1
4095861-35.png,1
4095861-36.png,1
4095861-39.png,1
4095861-40.png,1
4095861-41.png,1
4095861-42.png,1
4095861-44.png,1
4095861-45.png,1
4095861-46.png,1
4095861-48.png,1
4095861-49.png,1
4095861-50.png,1
4095861-51.png,1
4095861-52.png,1
4095861-53.png,1
4095861-54.png,1
4095861-55.png,1
4095861-64.png,1
4095861-65.png,1
4095861-66.png,1
4095861-67.png,1
4095861-68.png,1
4095861-69.png,1
4095861-70.png,1
4095861-71.png,1
4095861-73.png,1
4095861-74.png,1
4095861-75.png,1
4095861-76.png,1
4095861-86.png,1
4095861-87.png,1
4095861-88.png,1
4095861-96.png,1
4095862-100.png,1
4095862-101.png,1
4095862-102.png,1
4095862-103.png,1
4095862-104.png,1
4095862-105.png,1
4095862-106.png,1
4095862-107.png,1
4095862-108.png,1
4095862-109.png,1
4095862-110.png,1
4095862-111.png,1
4095862-112.png,1
4095862-113.png,1
4095862-114.png,1
4095862-115.png,1
4095862-116.png,1
4095862-117.png,1
4095862-118.png,1
4095862-119.png,1
4095862-120.png,1
4095862-121.png,1
4095862-122.png,1
4095862-123.png,1
4095862-125.png,1
4095862-126.png,1
4095862-127.png,1
4095862-128.png,1
4095862-129.png,1
4095862-130.png,1
4095862-131.png,1
4095862-133.png,1
4095862-134.png,1
4095862-135.png,1
4095862-136.png,1
4095862-137.png,1
4095862-139.png,1
4095862-140.png,1
4095862-141.png,1
4095862-142.png,1
4095862-143.png,1
4095862-144.png,1
4095862-145.png,1
4095862-146.png,1
4095862-148.png,1
4095862-149.png,1
4095862-150.png,1
4095862-151.png,1
4095862-152.png,1
4095862-153.png,1
4095862-154.png,1
4095862-155.png,1
4095862-156.png,1
4095862-157.png,1
4095862-158.png,1
4095862-159.png,1
4095862-160.png,1
4095862-161.png,1
4095862-162.png,1
4095862-163.png,1
4095862-164.png,1
4095862-167.png,1
4095862-169.png,1
4095862-170.png,1
4095862-172.png,1
4095862-173.png,1
4095862-174.png,1
4095862-175.png,1
4095862-176.png,1
4095862-177.png,1
4095862-178.png,1
4095862-179.png,1
4095862-180.png,1
4095862-181.png,1
4095862-182.png,1
4095862-183.png,1
4095862-184.png,1
4095862-185.png,1
4095862-186.png,1
4095862-187.png,1
4095862-188.png,1
4095862-189.png,1
4095862-190.png,1
4095862-191.png,1
4095862-192.png,1
4095862-193.png,1
4095862-195.png,1
4095862-196.png,1
4095862-197.png,1
4095862-198.png,1
4095862-199.png,1
4095862-200.png,1
4095862-201.png,1
4095862-202.png,1
4095862-203.png,1
4095862-204.png,1
4095862-206.png,1
4095862-208.png,1
4095862-209.png,1
4095862-210.png,1
4095862-211.png,1
4095862-212.png,1
4095862-213.png,1
4095862-214.png,1
4095862-215.png,1
4095862-216.png,1
4095862-218.png,1
4095862-220.png,1
4095862-223.png,1
4095862-225.png,1
4095862-226.png,1
4095862-227.png,1
4095862-229.png,1
4095862-230.png,1
4095862-231.png,1
4095862-232.png,1
4095862-233.png,1
4095862-234.png,1
4095862-235.png,1
4095862-236.png,1
4095862-237.png,1
4095862-238.png,1
4095862-239.png,1
4095862-240.png,1
4095862-242.png,1
4095862-243.png,1
4095862-244.png,1
4095862-245.png,1
4095862-246.png,1
4095862-247.png,1
4095862-248.png,1
4095862-250.png,1
4095862-59.png,1
4095862-60.png,1
4095862-61.png,1
4095862-62.png,1
4095862-63.png,1
4095862-64.png,1
4095862-65.png,1
4095862-67.png,1
4095862-68.png,1
4095862-69.png,1
4095862-70.png,1
4095862-71.png,1
4095862-72.png,1
4095862-73.png,1
4095862-74.png,1
4095862-75.png,1
4095862-76.png,1
4095862-78.png,1
4095862-79.png,1
4095862-80.png,1
4095862-81.png,1
4095862-83.png,1
4095862-84.png,1
4095862-85.png,1
4095862-87.png,1
4095862-88.png,1
4095862-89.png,1
4095862-90.png,1
4095862-92.png,1
4095862-93.png,1
4095862-94.png,1
4095862-95.png,1
4095862-97.png,1
4095862-98.png,1
4095862-99.png,1
4095870-20.png,1
4095870-21.png,1
4095870-22.png,1
4095870-23.png,1
4095870-25.png,1
4095870-26.png,1
4095870-27.png,1
4095870-28.png,1
4095870-29.png,1
4095870-30.png,1
4095870-31.png,1
4095870-32.png,1
4095870-33.png,1
4095870-35.png,1
4095870-36.png,1
4095870-37.png,1
4095870-38.png,1
4095870-39.png,1
4095870-40.png,1
4095870-41.png,1
4095870-42.png,1
4095870-43.png,1
4095870-44.png,1
4095870-45.png,1
4095870-46.png,1
4095870-47.png,1
4095870-48.png,1
4095870-50.png,1
4095870-52.png,1
4095870-53.png,1
4095870-54.png,1
4095870-55.png,1
4095870-57.png,1
4095870-59.png,1
4095870-60.png,1
4095870-61.png,1
4095870-62.png,1
4095870-63.png,1
4095870-64.png,1
4095870-65.png,1
4095870-66.png,1
4095870-67.png,1
4095870-68.png,1
4095870-69.png,1
4095870-70.png,1
4095870-71.png,1
4095870-72.png,1
4095870-74.png,1
4095870-75.png,1
4095870-76.png,1
4095894-100.png,1
4095894-101.png,1
4095894-102.png,1
4095894-105.png,1
4095894-106.png,1
4095894-107.png,1
4095894-108.png,1
4095894-109.png,1
4095894-110.png,1
4095894-111.png,1
4095894-112.png,1
4095894-114.png,1
4095894-115.png,1
4095894-117.png,1
4095894-118.png,1
4095894-119.png,1
4095894-120.png,1
4095894-121.png,1
4095894-122.png,1
4095894-123.png,1
4095894-124.png,1
4095894-125.png,1
4095894-126.png,1
4095894-127.png,1
4095894-129.png,1
4095894-130.png,1
4095894-131.png,1
4095894-132.png,1
4095894-133.png,1
4095894-134.png,1
4095894-139.png,1
4095894-140.png,1
4095894-141.png,1
4095894-142.png,1
4095894-143.png,1
4095894-144.png,1
4095894-145.png,1
4095894-146.png,1
4095894-147.png,1
4095894-148.png,1
4095894-149.png,1
4095894-150.png,1
4095894-151.png,1
4095894-152.png,1
4095894-153.png,1
4095894-154.png,1
4095894-155.png,1
4095894-158.png,1
4095894-159.png,1
4095894-160.png,1
4095894-161.png,1
4095894-162.png,1
4095894-164.png,1
4095894-165.png,1
4095894-166.png,1
4095894-167.png,1
4095894-168.png,1
4095894-169.png,1
4095894-171.png,1
4095894-34.png,1
4095894-35.png,1
4095894-36.png,1
4095894-39.png,1
4095894-40.png,1
4095894-41.png,1
4095894-42.png,1
4095894-44.png,1
4095894-45.png,1
4095894-46.png,1
4095894-47.png,1
4095894-48.png,1
4095894-49.png,1
4095894-50.png,1
4095894-52.png,1
4095894-53.png,1
4095894-54.png,1
4095894-55.png,1
4095894-56.png,1
4095894-57.png,1
4095894-59.png,1
4095894-60.png,1
4095894-61.png,1
4095894-62.png,1
4095894-63.png,1
4095894-64.png,1
4095894-65.png,1
4095894-66.png,1
4095894-67.png,1
4095894-69.png,1
4095894-70.png,1
4095894-71.png,1
4095894-72.png,1
4095894-73.png,1
4095894-74.png,1
4095894-75.png,1
4095894-76.png,1
4095894-78.png,1
4095894-79.png,1
4095894-80.png,1
4095894-81.png,1
4095894-82.png,1
4095894-84.png,1
4095894-85.png,1
4095894-86.png,1
4095894-87.png,1
4095894-88.png,1
4095894-89.png,1
4095894-91.png,1
4095894-92.png,1
4095894-93.png,1
4095894-94.png,1
4095894-95.png,1
4095894-96.png,1
4095894-97.png,1
4095894-98.png,1
4095894-99.png,1
4095897-100.png,1
4095897-105.png,1
4095897-92.png,1
4095902-1.png,1
4095902-10.png,1
4095902-100.png,1
4095902-101.png,1
4095902-102.png,1
4095902-104.png,1
4095902-105.png,1
4095902-106.png,1
4095902-107.png,1
4095902-108.png,1
4095902-109.png,1
4095902-11.png,1
4095902-110.png,1
4095902-111.png,1
4095902-112.png,1
4095902-113.png,1
4095902-115.png,1
4095902-116.png,1
4095902-119.png,1
4095902-120.png,1
4095902-121.png,1
4095902-123.png,1
4095902-124.png,1
4095902-125.png,1
4095902-126.png,1
4095902-127.png,1
4095902-129.png,1
4095902-13.png,1
4095902-130.png,1
4095902-131.png,1
4095902-133.png,1
4095902-134.png,1
4095902-135.png,1
4095902-137.png,1
4095902-138.png,1
4095902-14.png,1
4095902-140.png,1
4095902-141.png,1
4095902-143.png,1
4095902-144.png,1
4095902-146.png,1
4095902-147.png,1
4095902-148.png,1
4095902-149.png,1
4095902-15.png,1
4095902-150.png,1
4095902-152.png,1
4095902-153.png,1
4095902-154.png,1
4095902-155.png,1
4095902-156.png,1
4095902-158.png,1
4095902-159.png,1
4095902-16.png,1
4095902-161.png,1
4095902-162.png,1
4095902-164.png,1
4095902-166.png,1
4095902-168.png,1
4095902-169.png,1
4095902-17.png,1
4095902-171.png,1
4095902-172.png,1
4095902-173.png,1
4095902-174.png,1
4095902-175.png,1
4095902-176.png,1
4095902-177.png,1
4095902-179.png,1
4095902-181.png,1
4095902-182.png,1
4095902-2.png,1
4095902-28.png,1
4095902-29.png,1
4095902-3.png,1
4095902-30.png,1
4095902-31.png,1
4095902-32.png,1
4095902-33.png,1
4095902-35.png,1
4095902-36.png,1
4095902-37.png,1
4095902-38.png,1
4095902-4.png,1
4095902-40.png,1
4095902-41.png,1
4095902-42.png,1
4095902-43.png,1
4095902-44.png,1
4095902-45.png,1
4095902-46.png,1
4095902-47.png,1
4095902-48.png,1
4095902-49.png,1
4095902-50.png,1
4095902-51.png,1
4095902-54.png,1
4095902-55.png,1
4095902-56.png,1
4095902-57.png,1
4095902-58.png,1
4095902-6.png,1
4095902-60.png,1
4095902-61.png,1
4095902-62.png,1
4095902-63.png,1
4095902-64.png,1
4095902-65.png,1
4095902-66.png,1
4095902-67.png,1
4095902-68.png,1
4095902-69.png,1
4095902-7.png,1
4095902-70.png,1
4095902-71.png,1
4095902-72.png,1
4095902-73.png,1
4095902-74.png,1
4095902-75.png,1
4095902-76.png,1
4095902-78.png,1
4095902-79.png,1
4095902-8.png,1
4095902-80.png,1
4095902-81.png,1
4095902-82.png,1
4095902-84.png,1
4095902-85.png,1
4095902-86.png,1
4095902-87.png,1
4095902-88.png,1
4095902-89.png,1
4095902-9.png,1
4095902-91.png,1
4095902-92.png,1
4095902-93.png,1
4095902-94.png,1
4095902-95.png,1
4095902-96.png,1
4095902-97.png,1
4095902-98.png,1
4095902-99.png,1
4095904-35.png,1
4095999-36.png,1
4095999-43.png,1
4095999-52.png,1
4095999-68.png,1
4095999-79.png,1
4096196-101.png,1
4096196-121.png,1
4096196-131.png,1
4096196-136.png,1
4096196-147.png,1
4096196-161.png,1
4096196-46.png,1
4096196-54.png,1
4096196-62.png,1
4096196-68.png,1
4096196-74.png,1
4096196-83.png,1
4096199-24.png,1
4096206-104.png,1
4096206-113.png,1
4096206-147.png,1
4096206-152.png,1
4096206-37.png,1
4096206-50.png,1
4096206-54.png,1
4096206-57.png,1
4096206-63.png,1
4096206-67.png,1
4096206-88.png,1
4096207-100.png,1
4096207-114.png,1
4096207-118.png,1
4096207-127.png,1
4096207-140.png,1
4096207-147.png,1
4096207-163.png,1
4096207-37.png,1
4096207-43.png,1
4096207-74.png,1
4096207-84.png,1
4096233-104.png,1
4096233-132.png,1
4096233-135.png,1
4096233-146.png,1
4096233-152.png,1
4096233-159.png,1
4096233-63.png,1
4096233-67.png,1
4096233-78.png,1
4096233-88.png,1
4096233-97.png,1
4096252-30.png,1
4096252-56.png,1
4096252-61.png,1
4096252-70.png,1
4096252-76.png,1
4096272-19.png,1
4096272-23.png,1
4096272-26.png,1
4096272-30.png,1
4096272-36.png,1
4096272-49.png,1
4096272-58.png,1
4096296-1.png,1
4096296-18.png,1
4096296-28.png,1
4096296-35.png,1
4096296-42.png,1
4096296-54.png,1
4096296-62.png,1
4096296-69.png,1
4096296-76.png,1
4096297-122.png,1
4096297-32.png,1
4096297-37.png,1
4096297-46.png,1
4096297-48.png,1
4096297-51.png,1
4096297-59.png,1
4096297-63.png,1
4096297-81.png,1
4096297-93.png,1
4096301-17.png,1
4096301-24.png,1
4096301-38.png,1
4096301-4.png,1
4096308-32.png,1
4096308-39.png,1
4096308-59.png,1
4096308-67.png,1
4096308-79.png,1
4096308-89.png,1
4096309-24.png,1
4096309-29.png,1
4096309-39.png,1
4096309-52.png,1
4096309-60.png,1
4096309-66.png,1
4096309-76.png,1
4096309-83.png,1
4096313-20.png,1
4096313-26.png,1
4096313-31.png,1
4096313-36.png,1
4096313-50.png,1
4096334-72.png,1
4096334-79.png,1
4096334-92.png,1
4096366-105.png,1
4096366-118.png,1
4096366-123.png,1
4096366-133.png,1
4096366-149.png,1
4096366-154.png,1
4096366-59.png,1
4096366-67.png,1
4096366-73.png,1
4096368-127.png,1
4096368-48.png,1
4096368-63.png,1
4096368-84.png,1
4096368-87.png,1
4096368-93.png,1
4096379-105.png,1
4096379-112.png,1
4096379-126.png,1
4096379-134.png,1
4096379-141.png,1
4096379-57.png,1
4096379-71.png,1
4096379-81.png,1
4096379-92.png,1
4096379-94.png,1
4096380-103.png,1
4096380-116.png,1
4096380-118.png,1
4096380-131.png,1
4096380-147.png,1
4096380-181.png,1
4096380-189.png,1
4096380-197.png,1
4096380-210.png,1
4096380-216.png,1
4096390-100.png,1
4096390-113.png,1
4096390-118.png,1
4096390-128.png,1
4096390-135.png,1
4096390-147.png,1
4096390-155.png,1
4096390-176.png,1
4096390-82.png,1
4096518-14.png,1
4096518-22.png,1
4096518-27.png,1
4096518-34.png,1
4096518-42.png,1
4096518-46.png,1
4096518-59.png,1
4096518-67.png,1
4096518-87.png,1
4096595-136.png,1
4096595-18.png,1
4096595-29.png,1
4096595-34.png,1
4096595-4.png,1
4096595-40.png,1
4096595-45.png,1
4096595-58.png,1
4096595-66.png,1
4096595-82.png,1
4096595-9.png,1
4096626-101.png,1
4096626-110.png,1
4096626-54.png,1
4096626-63.png,1
4096626-82.png,1
4096626-89.png,1
4096644-103.png,1
4096644-123.png,1
4096644-129.png,1
4096644-138.png,1
4096644-51.png,1
4096644-54.png,1
4096644-82.png,1
4096644-86.png,1
4096644-97.png,1
4096708-108.png,1
4096708-116.png,1
4096708-124.png,1
4096708-132.png,1
4096708-140.png,1
4096708-154.png,1
4096708-37.png,1
4096708-51.png,1
4096708-65.png,1
4096708-80.png,1
4096708-90.png,1
4096708-99.png,1
4096760-108.png,1
4096760-115.png,1
4096760-32.png,1
4096760-42.png,1
4096760-51.png,1
4096760-53.png,1
4096760-60.png,1
4096760-74.png,1
4096760-76.png,1
4096760-94.png,1
4096912-101.png,1
4096912-109.png,1
4096912-112.png,1
4096912-116.png,1
4096912-138.png,1
4096912-142.png,1
4096912-149.png,1
4096912-204.png,1
4096912-208.png,1
4096912-64.png,1
4096912-78.png,1
4096912-83.png,1
4096927-101.png,1
4096927-115.png,1
4096927-122.png,1
4096927-127.png,1
4096927-145.png,1
4096927-151.png,1
4096927-156.png,1
4096927-161.png,1
4096927-168.png,1
4096927-20.png,1
4096927-35.png,1
4096927-61.png,1
4096927-78.png,1
4096927-84.png,1
4096927-88.png,1
4097052-100.png,1
4097052-116.png,1
4097052-124.png,1
4097052-140.png,1
4097052-148.png,1
4097052-155.png,1
4097052-166.png,1
4097052-171.png,1
4097052-179.png,1
4097060-14.png,1
4097060-15.png,1
4097060-16.png,1
4097060-17.png,1
4097060-19.png,1
4097060-20.png,1
4097060-21.png,1
4097060-22.png,1
4097060-23.png,1
4097060-24.png,1
4097060-25.png,1
4097060-26.png,1
4097060-27.png,1
4097060-28.png,1
4097060-29.png,1
4097060-30.png,1
4097060-31.png,1
4097060-33.png,1
4097060-34.png,1
4097060-35.png,1
4097060-36.png,1
4097060-37.png,1
4097060-38.png,1
4097067-101.png,1
4097067-114.png,1
4097067-126.png,1
4097067-134.png,1
4097067-142.png,1
4097067-154.png,1
4097067-163.png,1
4097067-27.png,1
4097067-48.png,1
4097067-56.png,1
4097067-61.png,1
4097067-68.png,1
4097080-107.png,1
4097080-130.png,1
4097080-134.png,1
4097080-148.png,1
4097080-159.png,1
4097080-26.png,1
4097080-31.png,1
4097080-43.png,1
4097080-68.png,1
4097080-74.png,1
4097080-78.png,1
4097080-87.png,1
4097082-110.png,1
4097082-123.png,1
4097082-136.png,1
4097082-143.png,1
4097082-150.png,1
4097082-155.png,1
4097082-160.png,1
4097082-166.png,1
4097082-184.png,1
4097082-193.png,1
4097210-105.png,1
4097210-108.png,1
4097210-127.png,1
4097210-134.png,1
4097210-145.png,1
4097210-161.png,1
4097210-168.png,1
4097210-175.png,1
4097210-32.png,1
4097210-58.png,1
4097210-60.png,1
4097210-91.png,1
409981201-101.png,1
409981201-110.png,1
409981201-82.png,1
409981201-89.png,1
50696-102.png,1
50696-103.png,1
50696-105.png,1
50696-107.png,1
50696-108.png,1
50696-114.png,1
50696-115.png,1
50696-116.png,1
50696-117.png,1
50696-118.png,1
50696-119.png,1
50696-120.png,1
50696-121.png,1
50696-122.png,1
50696-123.png,1
50696-124.png,1
50696-126.png,1
50696-128.png,1
50696-129.png,1
50696-130.png,1
50696-131.png,1
50696-132.png,1
50696-133.png,1
50696-134.png,1
50696-135.png,1
50696-136.png,1
50696-137.png,1
50696-139.png,1
50696-143.png,1
50696-144.png,1
50696-145.png,1
50696-146.png,1
50696-148.png,1
50696-149.png,1
50696-150.png,1
50696-151.png,1
50696-152.png,1
50696-153.png,1
50696-154.png,1
50696-157.png,1
50696-159.png,1
50696-160.png,1
50696-161.png,1
50696-162.png,1
50696-163.png,1
50696-164.png,1
50696-165.png,1
50696-166.png,1
50696-167.png,1
50696-168.png,1
50696-169.png,1
50696-171.png,1
50696-173.png,1
50696-174.png,1
50696-176.png,1
50696-177.png,1
50696-99.png,1
